"","anomia67","powerless67","anomia71","powerless71","education","sei"
"anomia67",1,0.659934471015627,0.559944154051572,0.439985959208705,-0.359990164909973,-0.299994515105826
"powerless67",0.659934471015627,1,0.469961413568332,0.519958623832413,-0.40996383473743,-0.289999663648027
"anomia71",0.559944154051572,0.469961413568332,1,0.669985900378588,-0.350003526556997,-0.289510250126376
"powerless71",0.439985959208705,0.519958623832413,0.669985900378588,1,-0.370041588161561,-0.279987716220903
"education",-0.359990164909973,-0.40996383473743,-0.350003526556997,-0.370041588161561,1,0.539995983361018
"sei",-0.299994515105826,-0.289999663648027,-0.289510250126376,-0.279987716220903,0.539995983361018,1
